[
  {
    "title": "The Hobbit",
    "author": "J.R.R. Tolkien",
    "coverImage": "https://cdn.thestorygraph.com/ykna33xeoq5zn8aljp13hk1at1da",
    "pages": "10 hours, 25 minutes",
    "status": "Currently reading",
    "genres": [
      "fiction",
      "childrens",
      "classics",
      "fantasy",
      "fiction",
      "childrens",
      "classics",
      "fantasy",
      "fiction",
      "childrens",
      "classics",
      "fantasy",
      "fiction",
      "childrens",
      "classics",
      "fantasy"
    ],
    "format": "Audiobook",
    "publicationDate": "2012"
  },
  {
    "title": "The Martian",
    "author": "Andy Weir",
    "coverImage": "https://cdn.thestorygraph.com/joslm6haahsurvyc8i86mhwzuf3g",
    "pages": "369 pages",
    "status": "Currently reading",
    "genres": [
      "fiction",
      "science fiction",
      "thriller",
      "adventurous",
      "funny",
      "tense",
      "medium-paced",
      "fiction",
      "science fiction",
      "thriller",
      "adventurous",
      "funny",
      "tense",
      "medium-paced",
      "fiction",
      "science fiction",
      "thriller",
      "adventurous",
      "funny",
      "tense",
      "medium-paced",
      "fiction",
      "science fiction",
      "thriller",
      "adventurous",
      "funny",
      "tense",
      "medium-paced"
    ],
    "format": "Book",
    "publicationDate": 2011
  },
  {
    "title": "The Secret Garden",
    "author": "Frances Hodgson Burnett",
    "coverImage": "https://cdn.thestorygraph.com/xj9ushc5gnbpeexk6dmr0qfaxxl4",
    "pages": "331 pages",
    "status": "Currently reading",
    "genres": [
      "fiction",
      "classics",
      "middle grade",
      "hopeful",
      "inspiring",
      "lighthearted",
      "medium-paced",
      "fiction",
      "classics",
      "middle grade",
      "hopeful",
      "inspiring",
      "lighthearted",
      "medium-paced",
      "fiction",
      "classics",
      "middle grade",
      "hopeful",
      "inspiring",
      "lighthearted",
      "medium-paced",
      "fiction",
      "classics",
      "middle grade",
      "hopeful",
      "inspiring",
      "lighthearted",
      "medium-paced"
    ],
    "format": "Book",
    "publicationDate": 1911
  },
  {
    "title": "The Last Olympian",
    "author": "Rick Riordan",
    "coverImage": "https://cdn.thestorygraph.com/lwdbaw1492drnen7t077pwer1q5s",
    "pages": "381 pages",
    "status": "Currently reading",
    "genres": [
      "fiction",
      "fantasy",
      "middle grade",
      "adventurous",
      "emotional",
      "funny",
      "fast-paced",
      "fiction",
      "fantasy",
      "middle grade",
      "adventurous",
      "emotional",
      "funny",
      "fast-paced",
      "fiction",
      "fantasy",
      "middle grade",
      "adventurous",
      "emotional",
      "funny",
      "fast-paced",
      "fiction",
      "fantasy",
      "middle grade",
      "adventurous",
      "emotional",
      "funny",
      "fast-paced"
    ],
    "format": "Book",
    "publicationDate": 2009
  },
  {
    "title": "The Battle of the Labyrinth",
    "author": "Rick Riordan",
    "coverImage": "https://cdn.thestorygraph.com/aj051gye0eiqyb29dup0diqwxpv7",
    "pages": "361 pages",
    "status": "Read recently",
    "genres": [
      "fiction",
      "fantasy",
      "middle grade",
      "adventurous",
      "funny",
      "fast-paced",
      "fiction",
      "fantasy",
      "middle grade",
      "adventurous",
      "funny",
      "fast-paced",
      "fiction",
      "fantasy",
      "middle grade",
      "adventurous",
      "funny",
      "fast-paced",
      "fiction",
      "fantasy",
      "middle grade",
      "adventurous",
      "funny",
      "fast-paced"
    ],
    "format": "Book",
    "publicationDate": 2005
  },
  {
    "title": "The Titan's Curse",
    "author": "Rick Riordan",
    "coverImage": "https://cdn.thestorygraph.com/476w1uqrkfqeod52mf6lqfz53vk5",
    "pages": "294 pages",
    "status": "Read recently",
    "genres": [
      "fiction",
      "fantasy",
      "middle grade",
      "adventurous",
      "funny",
      "fast-paced",
      "fiction",
      "fantasy",
      "middle grade",
      "adventurous",
      "funny",
      "fast-paced",
      "fiction",
      "fantasy",
      "middle grade",
      "adventurous",
      "funny",
      "fast-paced",
      "fiction",
      "fantasy",
      "middle grade",
      "adventurous",
      "funny",
      "fast-paced"
    ],
    "format": "Book",
    "publicationDate": 2007
  },
  {
    "title": "The Lightning Thief",
    "author": "Rick Riordan",
    "coverImage": "https://cdn.thestorygraph.com/fiajoj7wx6s7lrobv8qbdfxbtqzf",
    "pages": "377 pages",
    "status": "Read recently",
    "genres": [
      "fiction",
      "fantasy",
      "middle grade",
      "adventurous",
      "funny",
      "lighthearted",
      "fast-paced",
      "fiction",
      "fantasy",
      "middle grade",
      "adventurous",
      "funny",
      "lighthearted",
      "fast-paced",
      "fiction",
      "fantasy",
      "middle grade",
      "adventurous",
      "funny",
      "lighthearted",
      "fast-paced",
      "fiction",
      "fantasy",
      "middle grade",
      "adventurous",
      "funny",
      "lighthearted",
      "fast-paced"
    ],
    "format": "Book",
    "publicationDate": 2005
  },
  {
    "title": "The Sea of Monsters",
    "author": "Rick Riordan",
    "coverImage": "https://cdn.thestorygraph.com/adpi22yz4wobsaoht9uswpkcvusq",
    "pages": "279 pages",
    "status": "Read recently",
    "genres": [
      "fiction",
      "fantasy",
      "middle grade",
      "adventurous",
      "funny",
      "lighthearted",
      "fast-paced",
      "fiction",
      "fantasy",
      "middle grade",
      "adventurous",
      "funny",
      "lighthearted",
      "fast-paced",
      "fiction",
      "fantasy",
      "middle grade",
      "adventurous",
      "funny",
      "lighthearted",
      "fast-paced",
      "fiction",
      "fantasy",
      "middle grade",
      "adventurous",
      "funny",
      "lighthearted",
      "fast-paced"
    ],
    "format": "Book",
    "publicationDate": 2005
  },
  {
    "title": "Artemis",
    "author": "Andy Weir",
    "coverImage": "https://cdn.thestorygraph.com/1ln6pkaos0nx006sp7j300h0i1vj",
    "pages": "305 pages",
    "status": "To read",
    "genres": [
      "fiction",
      "science fiction",
      "adventurous",
      "funny",
      "fast-paced",
      "fiction",
      "science fiction",
      "adventurous",
      "funny",
      "fast-paced",
      "fiction",
      "science fiction",
      "adventurous",
      "funny",
      "fast-paced",
      "fiction",
      "science fiction",
      "adventurous",
      "funny",
      "fast-paced"
    ],
    "format": "Book",
    "publicationDate": 2017
  },
  {
    "title": "The Andromeda Strain",
    "author": "Michael Crichton",
    "coverImage": "https://cdn.thestorygraph.com/287gxbusdoy6re00on2manpqenk8",
    "pages": "331 pages",
    "status": "To read",
    "genres": [
      "fiction",
      "science fiction",
      "thriller",
      "mysterious",
      "tense",
      "medium-paced",
      "fiction",
      "science fiction",
      "thriller",
      "mysterious",
      "tense",
      "medium-paced",
      "fiction",
      "science fiction",
      "thriller",
      "mysterious",
      "tense",
      "medium-paced",
      "fiction",
      "science fiction",
      "thriller",
      "mysterious",
      "tense",
      "medium-paced"
    ],
    "format": "Book",
    "publicationDate": 1969
  },
  {
    "title": "Children of Time",
    "author": "Adrian Tchaikovsky",
    "coverImage": "https://cdn.thestorygraph.com/9czej9ocu7skkzg7zw5y5fnhmr1u",
    "pages": "629 pages",
    "status": "To read",
    "genres": [
      "fiction",
      "science fiction",
      "adventurous",
      "tense",
      "medium-paced",
      "fiction",
      "science fiction",
      "adventurous",
      "tense",
      "medium-paced",
      "fiction",
      "science fiction",
      "adventurous",
      "tense",
      "medium-paced",
      "fiction",
      "science fiction",
      "adventurous",
      "tense",
      "medium-paced"
    ],
    "format": "Book",
    "publicationDate": 2015
  },
  {
    "title": "Wool",
    "author": "Hugh Howey",
    "coverImage": "https://cdn.thestorygraph.com/5tqr0pojfzp6cmidzhwgjvr0thzw",
    "pages": "561 pages",
    "status": "To read",
    "genres": [
      "fiction",
      "dystopian",
      "science fiction",
      "dark",
      "mysterious",
      "tense",
      "medium-paced",
      "fiction",
      "dystopian",
      "science fiction",
      "dark",
      "mysterious",
      "tense",
      "medium-paced",
      "fiction",
      "dystopian",
      "science fiction",
      "dark",
      "mysterious",
      "tense",
      "medium-paced",
      "fiction",
      "dystopian",
      "science fiction",
      "dark",
      "mysterious",
      "tense",
      "medium-paced"
    ],
    "format": "Book",
    "publicationDate": 2011
  },
  {
    "title": "Under the Dome",
    "author": "Stephen King",
    "coverImage": "https://cdn.thestorygraph.com/vrdujd7o0xd23u79zkkposa42gw2",
    "pages": "1074 pages",
    "status": "To read",
    "genres": [
      "fiction",
      "science fiction",
      "dark",
      "mysterious",
      "tense",
      "medium-paced",
      "fiction",
      "science fiction",
      "dark",
      "mysterious",
      "tense",
      "medium-paced",
      "fiction",
      "science fiction",
      "dark",
      "mysterious",
      "tense",
      "medium-paced",
      "fiction",
      "science fiction",
      "dark",
      "mysterious",
      "tense",
      "medium-paced"
    ],
    "format": "Book",
    "publicationDate": 1925
  }
]